{"cameraMode":{"drawMode":0,"name":"Shaded","section":"Shading Mode"},"sceneLighting":true,"audioPlay":false,"sceneViewState":{"showFog":true,"showMaterialUpdate":true,"showSkybox":true,"showFlares":true,"showImageEffects":true,"showParticleSystems":true},"in2DMode":false,"pivot":{"x":3.1947126388549806,"y":18.276840209960939,"z":9.141860008239746},"rotation":{"x":0.0009470231016166508,"y":0.8505252599716187,"z":-0.525931179523468,"w":0.0015309613663703204},"size":3.9198267459869386,"orthographic":false}