{"cameraMode":{"drawMode":0,"name":"Shaded","section":"Shading Mode"},"sceneLighting":true,"audioPlay":false,"sceneViewState":{"showFog":true,"showMaterialUpdate":true,"showSkybox":true,"showFlares":true,"showImageEffects":true,"showParticleSystems":true},"in2DMode":false,"pivot":{"x":4.507640838623047,"y":-1.4448537826538087,"z":-0.9933328628540039},"rotation":{"x":-0.00391034409403801,"y":0.9424197673797607,"z":-0.334227591753006,"w":-0.011026710271835328},"size":23.746728897094728,"orthographic":false}