{"cameraMode":{"drawMode":0,"name":"Shaded","section":"Shading Mode"},"sceneLighting":false,"audioPlay":false,"sceneViewState":{"showFog":true,"showMaterialUpdate":true,"showSkybox":true,"showFlares":true,"showImageEffects":true,"showParticleSystems":true},"in2DMode":false,"pivot":{"x":-0.31767499446868899,"y":1.606644630432129,"z":2.3233799934387209},"rotation":{"x":-0.005937458947300911,"y":0.9793733358383179,"z":-0.19986508786678315,"w":-0.029095791280269624},"size":4.393883228302002,"orthographic":false}