{"cameraMode":{"drawMode":0,"name":"Shaded","section":"Shading Mode"},"sceneLighting":false,"audioPlay":false,"sceneViewState":{"showFog":true,"showMaterialUpdate":true,"showSkybox":true,"showFlares":true,"showImageEffects":true,"showParticleSystems":true},"in2DMode":false,"pivot":{"x":12.709580421447754,"y":4.153327941894531,"z":0.4621758460998535},"rotation":{"x":-0.005937458947300911,"y":0.9793733358383179,"z":-0.19986508786678315,"w":-0.029095791280269624},"size":5.681704998016357,"orthographic":false}