{"cameraMode":{"drawMode":0,"name":"Shaded","section":"Shading Mode"},"sceneLighting":false,"audioPlay":false,"sceneViewState":{"showFog":true,"showMaterialUpdate":true,"showSkybox":true,"showFlares":true,"showImageEffects":true,"showParticleSystems":true},"in2DMode":false,"pivot":{"x":4.099999904632568,"y":2.5999999046325685,"z":-0.5699999928474426},"rotation":{"x":-0.00391034409403801,"y":0.9424197673797607,"z":-0.334227591753006,"w":-0.011026710271835328},"size":8.11950397491455,"orthographic":false}