{"cameraMode":{"drawMode":0,"name":"Shaded","section":"Shading Mode"},"sceneLighting":true,"audioPlay":false,"sceneViewState":{"showFog":true,"showMaterialUpdate":true,"showSkybox":true,"showFlares":true,"showImageEffects":true,"showParticleSystems":true},"in2DMode":false,"pivot":{"x":2.5899999141693117,"y":1.399999976158142,"z":-0.8199999928474426},"rotation":{"x":-0.13809774816036225,"y":0.8308421969413757,"z":-0.23694323003292085,"w":-0.4842398464679718},"size":8.150481224060059,"orthographic":false}