{"cameraMode":{"drawMode":0,"name":"Shaded","section":"Shading Mode"},"sceneLighting":true,"audioPlay":false,"sceneViewState":{"showFog":true,"showMaterialUpdate":true,"showSkybox":true,"showFlares":true,"showImageEffects":true,"showParticleSystems":true},"in2DMode":false,"pivot":{"x":-0.1643543243408203,"y":-2.8932595252990724,"z":-2.4851584434509279},"rotation":{"x":-0.04812492057681084,"y":0.9237781167030335,"z":-0.3591608703136444,"w":-0.12377972155809403},"size":11.567730903625489,"orthographic":false}