{"cameraMode":{"drawMode":0,"name":"Shaded","section":"Shading Mode"},"sceneLighting":true,"audioPlay":false,"sceneViewState":{"showFog":true,"showMaterialUpdate":false,"showSkybox":true,"showFlares":true,"showImageEffects":true,"showParticleSystems":true},"in2DMode":false,"pivot":{"x":0.9791997671127319,"y":0.8463034629821777,"z":4.037546634674072},"rotation":{"x":-0.27780160307884219,"y":0.5684434771537781,"z":-0.2120194435119629,"w":-0.7448127865791321},"size":6.595261096954346,"orthographic":true}