{"cameraMode":{"drawMode":0,"name":"Shaded","section":"Shading Mode"},"sceneLighting":true,"audioPlay":false,"sceneViewState":{"showFog":true,"showMaterialUpdate":true,"showSkybox":true,"showFlares":true,"showImageEffects":true,"showParticleSystems":true},"in2DMode":false,"pivot":{"x":-4.007610321044922,"y":-7.581504821777344,"z":-5.766376495361328},"rotation":{"x":-0.21301448345184327,"y":0.7528876066207886,"z":-0.2914203405380249,"w":-0.5503265857696533},"size":34.638916015625,"orthographic":false}