{"cameraMode":{"drawMode":0,"name":"Shaded","section":"Shading Mode"},"sceneLighting":false,"audioPlay":false,"sceneViewState":{"showFog":true,"showMaterialUpdate":true,"showSkybox":true,"showFlares":true,"showImageEffects":true,"showParticleSystems":true},"in2DMode":false,"pivot":{"x":0.2826824188232422,"y":6.320000171661377,"z":-0.3999999761581421},"rotation":{"x":-0.16960737109184266,"y":0.7970670461654663,"z":-0.261321097612381,"w":-0.5173286199569702},"size":2.8578836917877199,"orthographic":false}