{"cameraMode":{"drawMode":0,"name":"Shaded","section":"Shading Mode"},"sceneLighting":false,"audioPlay":false,"sceneViewState":{"showFog":true,"showMaterialUpdate":false,"showSkybox":true,"showFlares":true,"showImageEffects":true,"showParticleSystems":true},"in2DMode":false,"pivot":{"x":14.029999732971192,"y":-1.679999828338623,"z":-1.1920928955078126e-7},"rotation":{"x":-0.0033111576922237875,"y":0.02609296701848507,"z":-0.00008626707858638838,"w":-0.9996540546417236},"size":4.041658401489258,"orthographic":false}