{"cameraMode":{"drawMode":0,"name":"Shaded","section":"Shading Mode"},"sceneLighting":false,"audioPlay":false,"sceneViewState":{"showFog":true,"showMaterialUpdate":false,"showSkybox":true,"showFlares":true,"showImageEffects":true,"showParticleSystems":true},"in2DMode":false,"pivot":{"x":1.9500000476837159,"y":2.9700000286102297,"z":1.340000033378601},"rotation":{"x":-0.20142218470573426,"y":0.002055724384263158,"z":-0.0004223147116135806,"w":-0.9795023202896118},"size":1.1431537866592408,"orthographic":false}