{"cameraMode":{"drawMode":0,"name":"Shaded","section":"Shading Mode"},"sceneLighting":true,"audioPlay":false,"sceneViewState":{"showFog":true,"showMaterialUpdate":false,"showSkybox":true,"showFlares":true,"showImageEffects":true,"showParticleSystems":true},"in2DMode":false,"pivot":{"x":12.252082824707032,"y":-3.835783004760742,"z":9.431772232055664},"rotation":{"x":-0.03468860313296318,"y":-0.08176415413618088,"z":0.0028476868756115438,"w":-0.9960438013076782},"size":31.99150276184082,"orthographic":true}