{"cameraMode":{"drawMode":0,"name":"Shaded","section":"Shading Mode"},"sceneLighting":true,"audioPlay":false,"sceneViewState":{"showFog":true,"showMaterialUpdate":false,"showSkybox":true,"showFlares":true,"showImageEffects":true,"showParticleSystems":true},"in2DMode":false,"pivot":{"x":389.8255920410156,"y":436.373046875,"z":-939.2859497070313},"rotation":{"x":-0.010387716814875603,"y":0.9893448352813721,"z":-0.11358946561813355,"w":-0.09047916531562805},"size":15.144807815551758,"orthographic":false}