{"cameraMode":{"drawMode":0,"name":"Shaded","section":"Shading Mode"},"sceneLighting":true,"audioPlay":false,"sceneViewState":{"showFog":true,"showMaterialUpdate":false,"showSkybox":true,"showFlares":true,"showImageEffects":true,"showParticleSystems":true},"in2DMode":false,"pivot":{"x":-0.09998321533203125,"y":-3.1872940063476564,"z":12.785751342773438},"rotation":{"x":-0.17307205498218537,"y":0.18985570967197419,"z":-0.034021325409412387,"w":-0.9658382534980774},"size":1151.2584228515625,"orthographic":false}