{"cameraMode":{"drawMode":0,"name":"Shaded","section":"Shading Mode"},"sceneLighting":false,"audioPlay":false,"sceneViewState":{"showFog":true,"showMaterialUpdate":false,"showSkybox":true,"showFlares":true,"showImageEffects":true,"showParticleSystems":true},"in2DMode":false,"pivot":{"x":2.299999952316284,"y":2.299999952316284,"z":-0.8999999761581421},"rotation":{"x":-0.3344404995441437,"y":0.5695044994354248,"z":-0.27216634154319765,"w":-0.6998140811920166},"size":5.715777397155762,"orthographic":false}