{"cameraMode":{"drawMode":0,"name":"Shaded","section":"Shading Mode"},"sceneLighting":false,"audioPlay":false,"sceneViewState":{"showFog":true,"showMaterialUpdate":false,"showSkybox":true,"showFlares":true,"showImageEffects":true,"showParticleSystems":true},"in2DMode":false,"pivot":{"x":12.252082824707032,"y":-3.835783004760742,"z":9.431772232055664},"rotation":{"x":-0.04736935347318649,"y":-0.6406222581863403,"z":0.03964889422059059,"w":-0.7653674483299255},"size":4.041658401489258,"orthographic":true}