{"cameraMode":{"drawMode":0,"name":"Shaded","section":"Shading Mode"},"sceneLighting":false,"audioPlay":false,"sceneViewState":{"showFog":true,"showMaterialUpdate":false,"showSkybox":true,"showFlares":true,"showImageEffects":true,"showParticleSystems":true},"in2DMode":false,"pivot":{"x":3.4700000286102297,"y":0.8500000238418579,"z":-0.5299999713897705},"rotation":{"x":0.04621013626456261,"y":0.24527886509895326,"z":0.011705861426889897,"w":-0.9682798981666565},"size":5.6637749671936039,"orthographic":false}