{"cameraMode":{"drawMode":0,"name":"Shaded","section":"Shading Mode"},"sceneLighting":true,"audioPlay":false,"sceneViewState":{"showFog":true,"showMaterialUpdate":false,"showSkybox":true,"showFlares":true,"showImageEffects":true,"showParticleSystems":true},"in2DMode":false,"pivot":{"x":12.252082824707032,"y":-3.835783004760742,"z":9.431772232055664},"rotation":{"x":-0.015307264402508736,"y":-0.023400334641337396,"z":0.0003584352962207049,"w":-0.9996089339256287},"size":20.052852630615236,"orthographic":true}